batch_size,cpu_mode_peak_bytes,cpu_process_lifetime_rss_high_water_bytes,cuda_allocated_baseline_bytes,cuda_allocated_incremental_peak_bytes,cuda_allocated_peak_bytes,dataset,full_test_mac_saving_fraction,latency_mean_ms,latency_median_ms,latency_p95_ms,latency_sample_sd_ms,mode,mode_order,paired_latency_saving_fraction,raw_path,raw_sha256,round,seed,telemetry_after,telemetry_before,threshold,throughput_samples_per_second,workload_early_fraction,workload_ids_sha256,workload_mac_saving_fraction,workload_samples,workload_unique_images
1,,1605062656,141430272,1059328,142489600,cifar10,0.32844121334977333,4.444361983,4.415049,4.6705169500000006,0.17859265053976756,final_only,0,0.16957483771186332,m2_raw/cifar10_s54_r0_final_only.npz,60a883f44de1f26eef41cb3a9d916e50c494f18aa4f831c358b15579f39bb2f4,0,54,"{""available"": true, ""temperature_c"": 51.0, ""sm_clock_mhz"": 1665.0, ""memory_clock_mhz"": 9251.0, ""power_w"": 104.92}","{""available"": true, ""temperature_c"": 50.0, ""sm_clock_mhz"": 1665.0, ""memory_clock_mhz"": 9251.0, ""power_w"": 104.31}",0.984,225.0041746880814,0.598,da37b80aeb726f87fb0360c0bf7b02de39a7321ebed20560c407f16067b0c78f,0.3366055881799753,1000,1000
1,,1605390336,141429760,1063424,142493184,cifar10,0.32844121334977333,3.690710021,2.6736174999999998,5.49433045,1.3486218381707828,actual_dynamic,1,0.16957483771186332,m2_raw/cifar10_s54_r0_actual_dynamic.npz,102eb92d039df9eafff5c11ff14980df5b208edf865358724f06421a28703c30,0,54,"{""available"": true, ""temperature_c"": 51.0, ""sm_clock_mhz"": 1665.0, ""memory_clock_mhz"": 9251.0, ""power_w"": 104.08}","{""available"": true, ""temperature_c"": 51.0, ""sm_clock_mhz"": 1665.0, ""memory_clock_mhz"": 9251.0, ""power_w"": 104.92}",0.984,270.9505743637506,0.598,da37b80aeb726f87fb0360c0bf7b02de39a7321ebed20560c407f16067b0c78f,0.3366055881799753,1000,1000
1,,1605500928,141429248,1063424,142492672,cifar10,0.32844121334977333,3.6576227520000004,2.66059,5.46302145,1.3273686601607848,actual_dynamic,0,0.1765353097851866,m2_raw/cifar10_s54_r1_actual_dynamic.npz,04327344387b69eb4185f67baa442bcdf6de6f572823c7e4b2f841533a9decb9,1,54,"{""available"": true, ""temperature_c"": 51.0, ""sm_clock_mhz"": 1665.0, ""memory_clock_mhz"": 9251.0, ""power_w"": 104.33}","{""available"": true, ""temperature_c"": 51.0, ""sm_clock_mhz"": 1665.0, ""memory_clock_mhz"": 9251.0, ""power_w"": 104.08}",0.984,273.40162389716016,0.598,da37b80aeb726f87fb0360c0bf7b02de39a7321ebed20560c407f16067b0c78f,0.3366055881799753,1000,1000
1,,1605586944,141429248,1059328,142488576,cifar10,0.32844121334977333,4.441748135,4.4095604999999995,4.7081051,0.17362004698703012,final_only,1,0.1765353097851866,m2_raw/cifar10_s54_r1_final_only.npz,863f8a261e76957bd3ec653c637ae90fcef8c3535f79fb6cd83f33f136a844cc,1,54,"{""available"": true, ""temperature_c"": 51.0, ""sm_clock_mhz"": 1665.0, ""memory_clock_mhz"": 9251.0, ""power_w"": 105.26}","{""available"": true, ""temperature_c"": 51.0, ""sm_clock_mhz"": 1665.0, ""memory_clock_mhz"": 9251.0, ""power_w"": 104.33}",0.984,225.1365835267019,0.598,da37b80aeb726f87fb0360c0bf7b02de39a7321ebed20560c407f16067b0c78f,0.3366055881799753,1000,1000
1,,1605595136,141429248,1059328,142488576,cifar10,0.32844121334977333,4.433593457,4.3959505,4.67842375,0.23093508879484043,final_only,0,0.17735533210843057,m2_raw/cifar10_s54_r2_final_only.npz,e8bdec6516cb912d4a5ef4118895a9d5cf78cbed3c57d10b2b2e0114fd1180ed,2,54,"{""available"": true, ""temperature_c"": 52.0, ""sm_clock_mhz"": 1665.0, ""memory_clock_mhz"": 9251.0, ""power_w"": 105.22}","{""available"": true, ""temperature_c"": 51.0, ""sm_clock_mhz"": 1665.0, ""memory_clock_mhz"": 9251.0, ""power_w"": 105.26}",0.984,225.55067569877102,0.598,da37b80aeb726f87fb0360c0bf7b02de39a7321ebed20560c407f16067b0c78f,0.3366055881799753,1000,1000
1,,1605595136,141429248,1063424,142492672,cifar10,0.32844121334977333,3.647272017,2.6561385,5.452899799999999,1.330488000568121,actual_dynamic,1,0.17735533210843057,m2_raw/cifar10_s54_r2_actual_dynamic.npz,b272e95731b69b7cbaa1a535aa384acd8c0c21ed437960eb07af5906f21917b0,2,54,"{""available"": true, ""temperature_c"": 52.0, ""sm_clock_mhz"": 1665.0, ""memory_clock_mhz"": 9251.0, ""power_w"": 104.73}","{""available"": true, ""temperature_c"": 52.0, ""sm_clock_mhz"": 1665.0, ""memory_clock_mhz"": 9251.0, ""power_w"": 105.22}",0.984,274.17752099075204,0.598,da37b80aeb726f87fb0360c0bf7b02de39a7321ebed20560c407f16067b0c78f,0.3366055881799753,1000,1000
1,,1605611520,141429248,1063424,142492672,cifar10,0.32844121334977333,3.59521325,2.627973,5.35212285,1.3079441919820942,actual_dynamic,0,0.18550442981590598,m2_raw/cifar10_s54_r3_actual_dynamic.npz,572b712a395de06b01dbac8971f9db4b0506b4f4d959c09e015fd4fed3b2ef5f,3,54,"{""available"": true, ""temperature_c"": 52.0, ""sm_clock_mhz"": 1665.0, ""memory_clock_mhz"": 9251.0, ""power_w"": 104.75}","{""available"": true, ""temperature_c"": 52.0, ""sm_clock_mhz"": 1665.0, ""memory_clock_mhz"": 9251.0, ""power_w"": 104.49}",0.984,278.1476175300589,0.598,da37b80aeb726f87fb0360c0bf7b02de39a7321ebed20560c407f16067b0c78f,0.3366055881799753,1000,1000
1,,1605640192,141429248,1059328,142488576,cifar10,0.32844121334977333,4.414036591,4.381056,4.6823269,0.2021903476664878,final_only,1,0.18550442981590598,m2_raw/cifar10_s54_r3_final_only.npz,0839b9c87b501f57318b42033bb5fadd4b68fd6445acee7fb244aa9e37857a1f,3,54,"{""available"": true, ""temperature_c"": 52.0, ""sm_clock_mhz"": 1665.0, ""memory_clock_mhz"": 9251.0, ""power_w"": 105.53}","{""available"": true, ""temperature_c"": 52.0, ""sm_clock_mhz"": 1665.0, ""memory_clock_mhz"": 9251.0, ""power_w"": 104.75}",0.984,226.55000233549262,0.598,da37b80aeb726f87fb0360c0bf7b02de39a7321ebed20560c407f16067b0c78f,0.3366055881799753,1000,1000
1,,1605640192,141429248,1063424,142492672,cifar10,0.32844121334977333,3.621199888,2.6187215,5.3358061,1.327471516079978,actual_dynamic,0,0.1777316964233132,m2_raw/cifar10_s54_r4_actual_dynamic.npz,0be888df3620a59357478b6f866fcb4c640926c5a2b77b1ba9ee7f7166164f98,4,54,"{""available"": true, ""temperature_c"": 52.0, ""sm_clock_mhz"": 1665.0, ""memory_clock_mhz"": 9251.0, ""power_w"": 104.84}","{""available"": true, ""temperature_c"": 52.0, ""sm_clock_mhz"": 1665.0, ""memory_clock_mhz"": 9251.0, ""power_w"": 105.33}",0.984,276.15156051280644,0.598,da37b80aeb726f87fb0360c0bf7b02de39a7321ebed20560c407f16067b0c78f,0.3366055881799753,1000,1000
1,,1605648384,141429248,1059328,142488576,cifar10,0.32844121334977333,4.403915209,4.370418,4.625689449999999,0.19958237076608226,final_only,1,0.1777316964233132,m2_raw/cifar10_s54_r4_final_only.npz,d8239a56ffe25016fe56c37ee9bb886ad6c1833f2e7c26bdb4a126986ecc7952,4,54,"{""available"": true, ""temperature_c"": 52.0, ""sm_clock_mhz"": 1665.0, ""memory_clock_mhz"": 9251.0, ""power_w"": 105.62}","{""available"": true, ""temperature_c"": 52.0, ""sm_clock_mhz"": 1665.0, ""memory_clock_mhz"": 9251.0, ""power_w"": 104.66}",0.984,227.07067519292013,0.598,da37b80aeb726f87fb0360c0bf7b02de39a7321ebed20560c407f16067b0c78f,0.3366055881799753,1000,1000
1,,1618878464,141430272,1059328,142489600,cifar10,0.3324389417149068,4.580750008999999,4.567690000000001,4.77874895,0.19139557144790156,final_only,0,0.19331645238446793,m2_raw/cifar10_s55_r0_final_only.npz,72a33812f7dd54fb2aafaf5d904ba8754364b16f5b970570e003ce279f3d5e7a,0,55,"{""available"": true, ""temperature_c"": 55.0, ""sm_clock_mhz"": 1665.0, ""memory_clock_mhz"": 9251.0, ""power_w"": 105.5}","{""available"": true, ""temperature_c"": 55.0, ""sm_clock_mhz"": 1665.0, ""memory_clock_mhz"": 9251.0, ""power_w"": 104.57}",0.984,218.3048623119045,0.587,da37b80aeb726f87fb0360c0bf7b02de39a7321ebed20560c407f16067b0c78f,0.3304119245156841,1000,1000
1,,1618882560,141429760,1063424,142493184,cifar10,0.3324389417149068,3.695215668,2.661229,5.40872495,1.327424065925086,actual_dynamic,1,0.19331645238446793,m2_raw/cifar10_s55_r0_actual_dynamic.npz,4aa47810375c02928ad890246a21efcfc8ca3273a9a9ff1e1e7565fca0175282,0,55,"{""available"": true, ""temperature_c"": 55.0, ""sm_clock_mhz"": 1665.0, ""memory_clock_mhz"": 9251.0, ""power_w"": 104.71}","{""available"": true, ""temperature_c"": 55.0, ""sm_clock_mhz"": 1665.0, ""memory_clock_mhz"": 9251.0, ""power_w"": 105.25}",0.984,270.6201991563974,0.587,da37b80aeb726f87fb0360c0bf7b02de39a7321ebed20560c407f16067b0c78f,0.3304119245156841,1000,1000
1,,1618886656,141429248,1059328,142488576,cifar10,0.3324389417149068,4.5366351830000005,4.52417,4.77181755,0.19759316425410434,final_only,0,0.18308948008703052,m2_raw/cifar10_s55_r1_final_only.npz,48d63dcd6dcac73da70d1e5245a8f4c89bcc9197d89d535e2263013b960ff4b0,1,55,"{""available"": true, ""temperature_c"": 55.0, ""sm_clock_mhz"": 1665.0, ""memory_clock_mhz"": 9251.0, ""power_w"": 105.28}","{""available"": true, ""temperature_c"": 55.0, ""sm_clock_mhz"": 1665.0, ""memory_clock_mhz"": 9251.0, ""power_w"": 104.71}",0.984,220.4276869666026,0.587,da37b80aeb726f87fb0360c0bf7b02de39a7321ebed20560c407f16067b0c78f,0.3304119245156841,1000,1000
1,,1618886656,141429248,1063424,142492672,cifar10,0.3324389417149068,3.706025006,2.675839,5.4248747999999996,1.3446412512580068,actual_dynamic,1,0.18308948008703052,m2_raw/cifar10_s55_r1_actual_dynamic.npz,1274ed109ef413ee8b5e3e28cc596ed0fbce9346523c2f0e86517b71c5e1c538,1,55,"{""available"": true, ""temperature_c"": 55.0, ""sm_clock_mhz"": 1665.0, ""memory_clock_mhz"": 9251.0, ""power_w"": 104.77}","{""available"": true, ""temperature_c"": 55.0, ""sm_clock_mhz"": 1665.0, ""memory_clock_mhz"": 9251.0, ""power_w"": 105.28}",0.984,269.830883056918,0.587,da37b80aeb726f87fb0360c0bf7b02de39a7321ebed20560c407f16067b0c78f,0.3304119245156841,1000,1000
1,,1618886656,141429248,1063424,142492672,cifar10,0.3324389417149068,3.6985690910000004,2.662529,5.40960275,1.3272536472712015,actual_dynamic,0,0.17858395340526623,m2_raw/cifar10_s55_r2_actual_dynamic.npz,026fe8935be80370f79e89ad8259b9b483a32687563c9dc16bd727a7d005ea5e,2,55,"{""available"": true, ""temperature_c"": 55.0, ""sm_clock_mhz"": 1665.0, ""memory_clock_mhz"": 9251.0, ""power_w"": 104.68}","{""available"": true, ""temperature_c"": 55.0, ""sm_clock_mhz"": 1665.0, ""memory_clock_mhz"": 9251.0, ""power_w"": 104.77}",0.984,270.3748329139973,0.587,da37b80aeb726f87fb0360c0bf7b02de39a7321ebed20560c407f16067b0c78f,0.3304119245156841,1000,1000
1,,1618886656,141429248,1059328,142488576,cifar10,0.3324389417149068,4.502674505000001,4.482158,4.6845783,0.1482658018785339,final_only,1,0.17858395340526623,m2_raw/cifar10_s55_r2_final_only.npz,48078b178bc326029427a99e2357a78c82e4fa633546bf009691c456652d2d77,2,55,"{""available"": true, ""temperature_c"": 55.0, ""sm_clock_mhz"": 1665.0, ""memory_clock_mhz"": 9251.0, ""power_w"": 105.33}","{""available"": true, ""temperature_c"": 55.0, ""sm_clock_mhz"": 1665.0, ""memory_clock_mhz"": 9251.0, ""power_w"": 104.68}",0.984,222.09022635092737,0.587,da37b80aeb726f87fb0360c0bf7b02de39a7321ebed20560c407f16067b0c78f,0.3304119245156841,1000,1000
1,,1618886656,141429248,1059328,142488576,cifar10,0.3324389417149068,4.521709951000001,4.5062225,4.7530607,0.23338017370619923,final_only,0,0.1587213708480526,m2_raw/cifar10_s55_r3_final_only.npz,faae8e919638968e52fbb6878c14c88fb9309dff9eac304108283b777144768b,3,55,"{""available"": true, ""temperature_c"": 55.0, ""sm_clock_mhz"": 1665.0, ""memory_clock_mhz"": 9251.0, ""power_w"": 105.22}","{""available"": true, ""temperature_c"": 55.0, ""sm_clock_mhz"": 1665.0, ""memory_clock_mhz"": 9251.0, ""power_w"": 105.33}",0.984,221.15527330072211,0.587,da37b80aeb726f87fb0360c0bf7b02de39a7321ebed20560c407f16067b0c78f,0.3304119245156841,1000,1000
1,,1618886656,141429248,1063424,142492672,cifar10,0.3324389417149068,3.804017949,2.700417,5.5286202499999995,1.4499395745605186,actual_dynamic,1,0.1587213708480526,m2_raw/cifar10_s55_r3_actual_dynamic.npz,9469e6fc2d92c2e436a0801652c6fffb24423e71272cb2a57e007274c36e99a4,3,55,"{""available"": true, ""temperature_c"": 55.0, ""sm_clock_mhz"": 1665.0, ""memory_clock_mhz"": 9251.0, ""power_w"": 104.57}","{""available"": true, ""temperature_c"": 55.0, ""sm_clock_mhz"": 1665.0, ""memory_clock_mhz"": 9251.0, ""power_w"": 105.22}",0.984,262.87993732071635,0.587,da37b80aeb726f87fb0360c0bf7b02de39a7321ebed20560c407f16067b0c78f,0.3304119245156841,1000,1000
1,,1618886656,141429248,1059328,142488576,cifar10,0.3324389417149068,4.6402466,4.5497879999999995,5.3862247499999985,0.43431399500750534,final_only,0,0.17299727087780203,m2_raw/cifar10_s55_r4_final_only.npz,4fc5cd7769e1aa97912213a109b3b02ee73741b5abde8ee007bd4fd111441bf0,4,55,"{""available"": true, ""temperature_c"": 55.0, ""sm_clock_mhz"": 1665.0, ""memory_clock_mhz"": 9251.0, ""power_w"": 105.31}","{""available"": true, ""temperature_c"": 55.0, ""sm_clock_mhz"": 1665.0, ""memory_clock_mhz"": 9251.0, ""power_w"": 104.43}",0.984,215.5057879898021,0.587,da37b80aeb726f87fb0360c0bf7b02de39a7321ebed20560c407f16067b0c78f,0.3304119245156841,1000,1000
1,,1618886656,141429248,1063424,142492672,cifar10,0.3324389417149068,3.8374966020000003,2.739732,5.57839585,1.4271886946267265,actual_dynamic,1,0.17299727087780203,m2_raw/cifar10_s55_r4_actual_dynamic.npz,7d1e4a03b9b3858086e48145fa0ce538b90dd965e6428ca5c00797fbc99cf27c,4,55,"{""available"": true, ""temperature_c"": 55.0, ""sm_clock_mhz"": 1665.0, ""memory_clock_mhz"": 9251.0, ""power_w"": 104.24}","{""available"": true, ""temperature_c"": 55.0, ""sm_clock_mhz"": 1665.0, ""memory_clock_mhz"": 9251.0, ""power_w"": 105.12}",0.984,260.58654996041605,0.587,da37b80aeb726f87fb0360c0bf7b02de39a7321ebed20560c407f16067b0c78f,0.3304119245156841,1000,1000
1,,1624002560,141430272,1063424,142493696,cifar10,0.327427704750162,3.796200684,2.7382735,5.604804399999999,1.4066766905835502,actual_dynamic,0,0.18666343396327656,m2_raw/cifar10_s56_r0_actual_dynamic.npz,f46ad9f97567b3ca8cc6129d14a9823068833efad69203ec58da327ce16afa96,0,56,"{""available"": true, ""temperature_c"": 53.0, ""sm_clock_mhz"": 1665.0, ""memory_clock_mhz"": 9251.0, ""power_w"": 104.0}","{""available"": true, ""temperature_c"": 53.0, ""sm_clock_mhz"": 1665.0, ""memory_clock_mhz"": 9251.0, ""power_w"": 104.15}",0.984,263.42126858960336,0.604,da37b80aeb726f87fb0360c0bf7b02de39a7321ebed20560c407f16067b0c78f,0.33998395017867966,1000,1000
1,,1624002560,141429760,1059328,142489088,cifar10,0.327427704750162,4.667441306000001,4.5780075,5.5355795,0.4279576847819048,final_only,1,0.18666343396327656,m2_raw/cifar10_s56_r0_final_only.npz,64e9e7f4a1e8be3a627bd38222b98973101df280978f928dcf111ea607bdad24,0,56,"{""available"": true, ""temperature_c"": 53.0, ""sm_clock_mhz"": 1665.0, ""memory_clock_mhz"": 9251.0, ""power_w"": 104.59}","{""available"": true, ""temperature_c"": 53.0, ""sm_clock_mhz"": 1665.0, ""memory_clock_mhz"": 9251.0, ""power_w"": 104.0}",0.984,214.25015001570537,0.604,da37b80aeb726f87fb0360c0bf7b02de39a7321ebed20560c407f16067b0c78f,0.33998395017867966,1000,1000
1,,1624002560,141429248,1059328,142488576,cifar10,0.327427704750162,4.635823533999999,4.546882,5.501385649999998,0.45204864084487034,final_only,0,0.19044391843755615,m2_raw/cifar10_s56_r1_final_only.npz,5ea03e325b9779e6543021435ec6e0b21808bcf766cb7186c49cf2cf7c2131df,1,56,"{""available"": true, ""temperature_c"": 53.0, ""sm_clock_mhz"": 1665.0, ""memory_clock_mhz"": 9251.0, ""power_w"": 104.61}","{""available"": true, ""temperature_c"": 53.0, ""sm_clock_mhz"": 1665.0, ""memory_clock_mhz"": 9251.0, ""power_w"": 104.59}",0.984,215.71140330640554,0.604,da37b80aeb726f87fb0360c0bf7b02de39a7321ebed20560c407f16067b0c78f,0.33998395017867966,1000,1000
1,,1624002560,141429248,1063424,142492672,cifar10,0.327427704750162,3.7529591350000002,2.689026,5.51932095,1.4107697589715757,actual_dynamic,1,0.19044391843755615,m2_raw/cifar10_s56_r1_actual_dynamic.npz,750f8140b7a1813d2c40bdbb90ca7e67575a6f07452a1ef4e9f1d544d0c9d646,1,56,"{""available"": true, ""temperature_c"": 53.0, ""sm_clock_mhz"": 1665.0, ""memory_clock_mhz"": 9251.0, ""power_w"": 103.86}","{""available"": true, ""temperature_c"": 53.0, ""sm_clock_mhz"": 1665.0, ""memory_clock_mhz"": 9251.0, ""power_w"": 104.61}",0.984,266.45640520676756,0.604,da37b80aeb726f87fb0360c0bf7b02de39a7321ebed20560c407f16067b0c78f,0.33998395017867966,1000,1000
1,,1624002560,141429248,1063424,142492672,cifar10,0.327427704750162,3.7779970560000002,2.7149865,5.616125799999999,1.4296913415091843,actual_dynamic,0,0.3097880515776038,m2_raw/cifar10_s56_r2_actual_dynamic.npz,4be07b055818f8a8946f6a3b0847bc3b408b3baf1d52e6c71c4b4124eeb8c340,2,56,"{""available"": true, ""temperature_c"": 53.0, ""sm_clock_mhz"": 1665.0, ""memory_clock_mhz"": 9251.0, ""power_w"": 103.97}","{""available"": true, ""temperature_c"": 53.0, ""sm_clock_mhz"": 1665.0, ""memory_clock_mhz"": 9251.0, ""power_w"": 103.86}",0.984,264.6905185941998,0.604,da37b80aeb726f87fb0360c0bf7b02de39a7321ebed20560c407f16067b0c78f,0.33998395017867966,1000,1000
1,,1624002560,141429248,1059328,142488576,cifar10,0.327427704750162,5.473676694,5.7108135,6.0901866,0.663603805384165,final_only,1,0.3097880515776038,m2_raw/cifar10_s56_r2_final_only.npz,6bca92cbd56be82a9e2b97153bcb58b54a91ccb826b0d2770f125949324d2182,2,56,"{""available"": true, ""temperature_c"": 53.0, ""sm_clock_mhz"": 1665.0, ""memory_clock_mhz"": 9251.0, ""power_w"": 103.79}","{""available"": true, ""temperature_c"": 53.0, ""sm_clock_mhz"": 1665.0, ""memory_clock_mhz"": 9251.0, ""power_w"": 103.97}",0.984,182.69255856783712,0.604,da37b80aeb726f87fb0360c0bf7b02de39a7321ebed20560c407f16067b0c78f,0.33998395017867966,1000,1000
1,,1624002560,141429248,1059328,142488576,cifar10,0.327427704750162,5.901764535,5.8807255000000005,6.2033799,0.16388169289880475,final_only,0,0.2062834318075687,m2_raw/cifar10_s56_r3_final_only.npz,80c190ab2ab959c0c6faa6f1448ed3223e799ea6f06eabb98fde5acb308b8a20,3,56,"{""available"": true, ""temperature_c"": 53.0, ""sm_clock_mhz"": 1665.0, ""memory_clock_mhz"": 9251.0, ""power_w"": 103.78}","{""available"": true, ""temperature_c"": 53.0, ""sm_clock_mhz"": 1665.0, ""memory_clock_mhz"": 9251.0, ""power_w"": 103.79}",0.984,169.44085011687102,0.604,da37b80aeb726f87fb0360c0bf7b02de39a7321ebed20560c407f16067b0c78f,0.33998395017867966,1000,1000
1,,1624002560,141429248,1063424,142492672,cifar10,0.327427704750162,4.684328293,3.424442,6.9760678,1.678634530575734,actual_dynamic,1,0.2062834318075687,m2_raw/cifar10_s56_r3_actual_dynamic.npz,772f72d67711a05af13cb96697922e1cea395f2d9e573930a6bee6ef92771353,3,56,"{""available"": true, ""temperature_c"": 53.0, ""sm_clock_mhz"": 1665.0, ""memory_clock_mhz"": 9251.0, ""power_w"": 103.19}","{""available"": true, ""temperature_c"": 53.0, ""sm_clock_mhz"": 1665.0, ""memory_clock_mhz"": 9251.0, ""power_w"": 103.78}",0.984,213.47777897939912,0.604,da37b80aeb726f87fb0360c0bf7b02de39a7321ebed20560c407f16067b0c78f,0.33998395017867966,1000,1000
1,,1624002560,141429248,1063424,142492672,cifar10,0.327427704750162,4.614434932,3.3739999999999997,6.8875552,1.6621025489031884,actual_dynamic,0,0.19843539845964375,m2_raw/cifar10_s56_r4_actual_dynamic.npz,52cfd8277eeebb0a4745bfdd95b0c9a25276a4762a3fc479d2976284dece2adb,4,56,"{""available"": true, ""temperature_c"": 53.0, ""sm_clock_mhz"": 1665.0, ""memory_clock_mhz"": 9251.0, ""power_w"": 103.13}","{""available"": true, ""temperature_c"": 53.0, ""sm_clock_mhz"": 1665.0, ""memory_clock_mhz"": 9251.0, ""power_w"": 103.19}",0.984,216.71125820092072,0.604,da37b80aeb726f87fb0360c0bf7b02de39a7321ebed20560c407f16067b0c78f,0.33998395017867966,1000,1000
1,,1624002560,141429248,1059328,142488576,cifar10,0.327427704750162,5.756784821999999,5.7054314999999995,6.1803275499999994,0.266413622342353,final_only,1,0.19843539845964375,m2_raw/cifar10_s56_r4_final_only.npz,faf7927d2199140b9caaed7a8513461ac5b5f2e07249c9dd8910461f4215b8da,4,56,"{""available"": true, ""temperature_c"": 53.0, ""sm_clock_mhz"": 1665.0, ""memory_clock_mhz"": 9251.0, ""power_w"": 103.66}","{""available"": true, ""temperature_c"": 53.0, ""sm_clock_mhz"": 1665.0, ""memory_clock_mhz"": 9251.0, ""power_w"": 102.97}",0.984,173.70807332913026,0.604,da37b80aeb726f87fb0360c0bf7b02de39a7321ebed20560c407f16067b0c78f,0.33998395017867966,1000,1000
1,,1944850432,141971456,1063424,143034880,cifar100,0.1518078972739022,4.596817304,5.207225,5.5386336499999995,1.2142911670445653,actual_dynamic,0,-0.014736880067362623,m2_raw/cifar100_s66_r0_actual_dynamic.npz,103d5b9b6025305879dcfe36fd5f8304937afb700c9621fb504985f70e12db2b,0,66,"{""available"": true, ""temperature_c"": 52.0, ""sm_clock_mhz"": 1665.0, ""memory_clock_mhz"": 9251.0, ""power_w"": 103.9}","{""available"": true, ""temperature_c"": 52.0, ""sm_clock_mhz"": 1665.0, ""memory_clock_mhz"": 9251.0, ""power_w"": 102.06}",0.903,217.54181945187005,0.265,da37b80aeb726f87fb0360c0bf7b02de39a7321ebed20560c407f16067b0c78f,0.15032296773399523,1000,1000
1,,1944850432,141970944,1059328,143030272,cifar100,0.1518078972739022,4.530058377,4.5147315,4.7540020499999995,0.21245582955096112,final_only,1,-0.014736880067362623,m2_raw/cifar100_s66_r0_final_only.npz,dcce44c1e93c8eab131c6614b8bc9bd7ae396af58749264aa158c927026e8187,0,66,"{""available"": true, ""temperature_c"": 52.0, ""sm_clock_mhz"": 1665.0, ""memory_clock_mhz"": 9251.0, ""power_w"": 104.35}","{""available"": true, ""temperature_c"": 52.0, ""sm_clock_mhz"": 1665.0, ""memory_clock_mhz"": 9251.0, ""power_w"": 103.9}",0.903,220.7477071547681,0.265,da37b80aeb726f87fb0360c0bf7b02de39a7321ebed20560c407f16067b0c78f,0.15032296773399523,1000,1000
1,,1944850432,141970432,1063424,143033856,cifar100,0.1518078972739022,4.550500180999999,5.16663,5.47126895,1.2014497492847909,actual_dynamic,0,-0.0001926460417600584,m2_raw/cifar100_s66_r1_actual_dynamic.npz,1b52fb895f9ead4485b5aae5e47e149f8cb330aefd25df8929a7eaf9a10e88e0,1,66,"{""available"": true, ""temperature_c"": 52.0, ""sm_clock_mhz"": 1665.0, ""memory_clock_mhz"": 9251.0, ""power_w"": 103.93}","{""available"": true, ""temperature_c"": 52.0, ""sm_clock_mhz"": 1665.0, ""memory_clock_mhz"": 9251.0, ""power_w"": 104.35}",0.903,219.75606202047092,0.265,da37b80aeb726f87fb0360c0bf7b02de39a7321ebed20560c407f16067b0c78f,0.15032296773399523,1000,1000
1,,1944850432,141970432,1059328,143029760,cifar100,0.1518078972739022,4.549623714,4.526047,4.78344025,0.22661975358066466,final_only,1,-0.0001926460417600584,m2_raw/cifar100_s66_r1_final_only.npz,937c48e338a0bb8d595caa1a9dafd4da32984cd37aa55b8aaa6d419d855071f1,1,66,"{""available"": true, ""temperature_c"": 52.0, ""sm_clock_mhz"": 1665.0, ""memory_clock_mhz"": 9251.0, ""power_w"": 104.23}","{""available"": true, ""temperature_c"": 52.0, ""sm_clock_mhz"": 1665.0, ""memory_clock_mhz"": 9251.0, ""power_w"": 103.76}",0.903,219.7983971559719,0.265,da37b80aeb726f87fb0360c0bf7b02de39a7321ebed20560c407f16067b0c78f,0.15032296773399523,1000,1000
1,,1944850432,141970432,1059328,143029760,cifar100,0.1518078972739022,4.530035057999999,4.5084745,4.77359115,0.22237081487405308,final_only,0,0.002337849236132561,m2_raw/cifar100_s66_r2_final_only.npz,1741462b7f1d2459b640167f6172a6d5f71fa5a918ee17b288db6804b8faedde,2,66,"{""available"": true, ""temperature_c"": 52.0, ""sm_clock_mhz"": 1665.0, ""memory_clock_mhz"": 9251.0, ""power_w"": 104.29}","{""available"": true, ""temperature_c"": 52.0, ""sm_clock_mhz"": 1665.0, ""memory_clock_mhz"": 9251.0, ""power_w"": 104.23}",0.903,220.74884348499896,0.265,da37b80aeb726f87fb0360c0bf7b02de39a7321ebed20560c407f16067b0c78f,0.15032296773399523,1000,1000
1,,1944850432,141970432,1063424,143033856,cifar100,0.1518078972739022,4.519444519,5.112279,5.50502075,1.1857208210153996,actual_dynamic,1,0.002337849236132561,m2_raw/cifar100_s66_r2_actual_dynamic.npz,b5d47d170f701cc9d81ea052cf9dc8c58544d953e37500d8261990b60dad83b6,2,66,"{""available"": true, ""temperature_c"": 52.0, ""sm_clock_mhz"": 1665.0, ""memory_clock_mhz"": 9251.0, ""power_w"": 104.03}","{""available"": true, ""temperature_c"": 52.0, ""sm_clock_mhz"": 1665.0, ""memory_clock_mhz"": 9251.0, ""power_w"": 104.29}",0.903,221.26613033879352,0.265,da37b80aeb726f87fb0360c0bf7b02de39a7321ebed20560c407f16067b0c78f,0.15032296773399523,1000,1000
1,,1944850432,141970432,1063424,143033856,cifar100,0.1518078972739022,4.547517842,5.138973,5.5461373,1.2171246752257892,actual_dynamic,0,0.02388037845494828,m2_raw/cifar100_s66_r3_actual_dynamic.npz,270152e6aac788d6e14cfedbfdf368656c2bef8c9beb74c754446fdb824b5a2a,3,66,"{""available"": true, ""temperature_c"": 52.0, ""sm_clock_mhz"": 1665.0, ""memory_clock_mhz"": 9251.0, ""power_w"": 103.99}","{""available"": true, ""temperature_c"": 52.0, ""sm_clock_mhz"": 1665.0, ""memory_clock_mhz"": 9251.0, ""power_w"": 104.03}",0.903,219.9001817572198,0.265,da37b80aeb726f87fb0360c0bf7b02de39a7321ebed20560c407f16067b0c78f,0.15032296773399523,1000,1000
1,,1944850432,141970432,1059328,143029760,cifar100,0.1518078972739022,4.658771058,4.5625385000000005,5.311612849999998,0.4500500017701633,final_only,1,0.02388037845494828,m2_raw/cifar100_s66_r3_final_only.npz,864db55f9d62c19e98943b3f160832996e53f12cedff5de40a2dea2f44985e13,3,66,"{""available"": true, ""temperature_c"": 52.0, ""sm_clock_mhz"": 1665.0, ""memory_clock_mhz"": 9251.0, ""power_w"": 104.13}","{""available"": true, ""temperature_c"": 52.0, ""sm_clock_mhz"": 1665.0, ""memory_clock_mhz"": 9251.0, ""power_w"": 103.84}",0.903,214.64888219454548,0.265,da37b80aeb726f87fb0360c0bf7b02de39a7321ebed20560c407f16067b0c78f,0.15032296773399523,1000,1000
1,,1944850432,141970432,1059328,143029760,cifar100,0.1518078972739022,4.709219406,4.622619,5.243789449999996,0.4218559635445507,final_only,0,-0.006690926942128694,m2_raw/cifar100_s66_r4_final_only.npz,6b0b01b7a8b65683082683f5afd3c891f8cfe40db89aff694a00e3723f7529f1,4,66,"{""available"": true, ""temperature_c"": 52.0, ""sm_clock_mhz"": 1665.0, ""memory_clock_mhz"": 9251.0, ""power_w"": 104.21}","{""available"": true, ""temperature_c"": 52.0, ""sm_clock_mhz"": 1665.0, ""memory_clock_mhz"": 9251.0, ""power_w"": 104.13}",0.903,212.3494179791036,0.265,da37b80aeb726f87fb0360c0bf7b02de39a7321ebed20560c407f16067b0c78f,0.15032296773399523,1000,1000
1,,1944850432,141970432,1063424,143033856,cifar100,0.1518078972739022,4.740728449000001,5.2787805,5.901878299999999,1.31325929533754,actual_dynamic,1,-0.006690926942128694,m2_raw/cifar100_s66_r4_actual_dynamic.npz,83843c651ccfa5a04c842668008dccddb9929f74255525967744ed18aa3792b8,4,66,"{""available"": true, ""temperature_c"": 52.0, ""sm_clock_mhz"": 1665.0, ""memory_clock_mhz"": 9251.0, ""power_w"": 103.94}","{""available"": true, ""temperature_c"": 52.0, ""sm_clock_mhz"": 1665.0, ""memory_clock_mhz"": 9251.0, ""power_w"": 104.21}",0.903,210.9380469178609,0.265,da37b80aeb726f87fb0360c0bf7b02de39a7321ebed20560c407f16067b0c78f,0.15032296773399523,1000,1000
1,,1944850432,141971456,1063424,143034880,cifar100,0.15306437611536183,4.821198678,5.3733995,6.119223,1.3199872286786145,actual_dynamic,0,-0.01319303469930344,m2_raw/cifar100_s67_r0_actual_dynamic.npz,b7a5cff07332fb8cdc8492325e000ab3d3469a6895ae75f0e091f6264705b05f,0,67,"{""available"": true, ""temperature_c"": 52.0, ""sm_clock_mhz"": 1665.0, ""memory_clock_mhz"": 9251.0, ""power_w"": 103.88}","{""available"": true, ""temperature_c"": 52.0, ""sm_clock_mhz"": 1665.0, ""memory_clock_mhz"": 9251.0, ""power_w"": 101.75}",0.903,207.41729739601493,0.259,da37b80aeb726f87fb0360c0bf7b02de39a7321ebed20560c407f16067b0c78f,0.14689620725728714,1000,1000
1,,1944850432,141970944,1059328,143030272,cifar100,0.15306437611536183,4.758420669,4.6717325,5.466871299999997,0.43429179412158914,final_only,1,-0.01319303469930344,m2_raw/cifar100_s67_r0_final_only.npz,01c69be74dd777e8df4a012f903b62b7dec24119f5a8a02aa27b41b409c2eb46,0,67,"{""available"": true, ""temperature_c"": 52.0, ""sm_clock_mhz"": 1665.0, ""memory_clock_mhz"": 9251.0, ""power_w"": 104.19}","{""available"": true, ""temperature_c"": 52.0, ""sm_clock_mhz"": 1665.0, ""memory_clock_mhz"": 9251.0, ""power_w"": 103.65}",0.903,210.1537609977963,0.259,da37b80aeb726f87fb0360c0bf7b02de39a7321ebed20560c407f16067b0c78f,0.14689620725728714,1000,1000
1,,1944850432,141970432,1063424,143033856,cifar100,0.15306437611536183,4.781367071000001,5.368505,5.79233975,1.2830635613912,actual_dynamic,0,-0.03569604460412101,m2_raw/cifar100_s67_r1_actual_dynamic.npz,cf3a8222f0bc6add3bba1ddbdc64d2c7d1fea023030fa0493053508cd83eed33,1,67,"{""available"": true, ""temperature_c"": 52.0, ""sm_clock_mhz"": 1665.0, ""memory_clock_mhz"": 9251.0, ""power_w"": 103.85}","{""available"": true, ""temperature_c"": 52.0, ""sm_clock_mhz"": 1665.0, ""memory_clock_mhz"": 9251.0, ""power_w"": 104.19}",0.903,209.14520578543545,0.259,da37b80aeb726f87fb0360c0bf7b02de39a7321ebed20560c407f16067b0c78f,0.14689620725728714,1000,1000
1,,1944850432,141970432,1059328,143029760,cifar100,0.15306437611536183,4.616573651999999,4.611184,4.8029901,0.1761421497888087,final_only,1,-0.03569604460412101,m2_raw/cifar100_s67_r1_final_only.npz,c969386335dc4700daa8a24722f0e8b709a11fcf2b840ab5e47cf50c4fe54625,1,67,"{""available"": true, ""temperature_c"": 52.0, ""sm_clock_mhz"": 1665.0, ""memory_clock_mhz"": 9251.0, ""power_w"": 104.38}","{""available"": true, ""temperature_c"": 52.0, ""sm_clock_mhz"": 1665.0, ""memory_clock_mhz"": 9251.0, ""power_w"": 103.62}",0.903,216.61086237989045,0.259,da37b80aeb726f87fb0360c0bf7b02de39a7321ebed20560c407f16067b0c78f,0.14689620725728714,1000,1000
1,,1944850432,141970432,1063424,143033856,cifar100,0.15306437611536183,4.706223783,5.329651,5.64933225,1.2193980454012292,actual_dynamic,0,-0.015952042508337705,m2_raw/cifar100_s67_r2_actual_dynamic.npz,75fb77485632760146ddc02ac934367a2d5b3d4162d8fc7df430ff21d77057bb,2,67,"{""available"": true, ""temperature_c"": 52.0, ""sm_clock_mhz"": 1665.0, ""memory_clock_mhz"": 9251.0, ""power_w"": 103.75}","{""available"": true, ""temperature_c"": 52.0, ""sm_clock_mhz"": 1665.0, ""memory_clock_mhz"": 9251.0, ""power_w"": 104.38}",0.903,212.48458341743924,0.259,da37b80aeb726f87fb0360c0bf7b02de39a7321ebed20560c407f16067b0c78f,0.14689620725728714,1000,1000
1,,1944850432,141970432,1059328,143029760,cifar100,0.15306437611536183,4.6323286790000004,4.598147,4.8462921,0.31517621594552736,final_only,1,-0.015952042508337705,m2_raw/cifar100_s67_r2_final_only.npz,5b97a1cd1790cebbe91f01a440372ea5a5ddf050e7dc34ddbfc65242380709ee,2,67,"{""available"": true, ""temperature_c"": 52.0, ""sm_clock_mhz"": 1665.0, ""memory_clock_mhz"": 9251.0, ""power_w"": 104.22}","{""available"": true, ""temperature_c"": 52.0, ""sm_clock_mhz"": 1665.0, ""memory_clock_mhz"": 9251.0, ""power_w"": 103.62}",0.903,215.87414652448066,0.259,da37b80aeb726f87fb0360c0bf7b02de39a7321ebed20560c407f16067b0c78f,0.14689620725728714,1000,1000
1,,1944850432,141970432,1059328,143029760,cifar100,0.15306437611536183,4.577932548999999,4.5647874999999996,4.795670250000001,0.2059898176436847,final_only,0,-0.013969971229473632,m2_raw/cifar100_s67_r3_final_only.npz,83e97b43bd9b7cc4e568a1c6cc4c8924ad6152731b8acdd236468bf7d983be08,3,67,"{""available"": true, ""temperature_c"": 52.0, ""sm_clock_mhz"": 1665.0, ""memory_clock_mhz"": 9251.0, ""power_w"": 104.2}","{""available"": true, ""temperature_c"": 52.0, ""sm_clock_mhz"": 1665.0, ""memory_clock_mhz"": 9251.0, ""power_w"": 104.06}",0.903,218.43921667619142,0.259,da37b80aeb726f87fb0360c0bf7b02de39a7321ebed20560c407f16067b0c78f,0.14689620725728714,1000,1000
1,,1944850432,141970432,1063424,143033856,cifar100,0.15306437611536183,4.641886135,5.264163,5.5761183,1.1968760086281194,actual_dynamic,1,-0.013969971229473632,m2_raw/cifar100_s67_r3_actual_dynamic.npz,3e692755b40d3d55855bd240fd5bcc8068fbac9734ef6a5926bfe91ccc5ce96e,3,67,"{""available"": true, ""temperature_c"": 52.0, ""sm_clock_mhz"": 1665.0, ""memory_clock_mhz"": 9251.0, ""power_w"": 103.9}","{""available"": true, ""temperature_c"": 52.0, ""sm_clock_mhz"": 1665.0, ""memory_clock_mhz"": 9251.0, ""power_w"": 104.2}",0.903,215.42967037902147,0.259,da37b80aeb726f87fb0360c0bf7b02de39a7321ebed20560c407f16067b0c78f,0.14689620725728714,1000,1000
1,,1944850432,141970432,1059328,143029760,cifar100,0.15306437611536183,4.662281134,4.6290555,4.8882056,0.3155539270484075,final_only,0,-0.012648040370188518,m2_raw/cifar100_s67_r4_final_only.npz,90b2154ddb34b287bc14228a4858d14552d2cbfc0e1e242c5e0e9f19ad255ccf,4,67,"{""available"": true, ""temperature_c"": 52.0, ""sm_clock_mhz"": 1665.0, ""memory_clock_mhz"": 9251.0, ""power_w"": 104.3}","{""available"": true, ""temperature_c"": 52.0, ""sm_clock_mhz"": 1665.0, ""memory_clock_mhz"": 9251.0, ""power_w"": 103.78}",0.903,214.48728020870138,0.259,da37b80aeb726f87fb0360c0bf7b02de39a7321ebed20560c407f16067b0c78f,0.14689620725728714,1000,1000
1,,1944850432,141970432,1063424,143033856,cifar100,0.15306437611536183,4.721249854,5.3369995,5.65046045,1.238503200171693,actual_dynamic,1,-0.012648040370188518,m2_raw/cifar100_s67_r4_actual_dynamic.npz,e12354ef2364d91fc7471f01eebe3ef3fc032cb447ad1628d1b23067c49d65ad,4,67,"{""available"": true, ""temperature_c"": 52.0, ""sm_clock_mhz"": 1665.0, ""memory_clock_mhz"": 9251.0, ""power_w"": 103.68}","{""available"": true, ""temperature_c"": 52.0, ""sm_clock_mhz"": 1665.0, ""memory_clock_mhz"": 9251.0, ""power_w"": 104.25}",0.903,211.80832002626735,0.259,da37b80aeb726f87fb0360c0bf7b02de39a7321ebed20560c407f16067b0c78f,0.14689620725728714,1000,1000
1,,1944850432,141971456,1059328,143030784,cifar100,0.14998029168632432,4.710510500000001,4.6851135,4.90595655,0.1747966621271092,final_only,0,-0.022795532458742995,m2_raw/cifar100_s68_r0_final_only.npz,8c9917fd4cdc92f07240ba0bc78971581358e59bf37385f4db934cea83d34305,0,68,"{""available"": true, ""temperature_c"": 52.0, ""sm_clock_mhz"": 1665.0, ""memory_clock_mhz"": 9251.0, ""power_w"": 104.14}","{""available"": true, ""temperature_c"": 52.0, ""sm_clock_mhz"": 1665.0, ""memory_clock_mhz"": 9251.0, ""power_w"": 102.01}",0.903,212.2912155699472,0.257,da37b80aeb726f87fb0360c0bf7b02de39a7321ebed20560c407f16067b0c78f,0.14575395376505107,1000,1000
1,,1944850432,141970944,1063424,143034368,cifar100,0.14998029168632432,4.817889095000001,5.458843,5.71757785,1.2612422429076195,actual_dynamic,1,-0.022795532458742995,m2_raw/cifar100_s68_r0_actual_dynamic.npz,978a7941e265ff1a3e8e06a3a56823792ec15cdd2993d9412dbc75107f3dfde9,0,68,"{""available"": true, ""temperature_c"": 52.0, ""sm_clock_mhz"": 1665.0, ""memory_clock_mhz"": 9251.0, ""power_w"": 103.85}","{""available"": true, ""temperature_c"": 52.0, ""sm_clock_mhz"": 1665.0, ""memory_clock_mhz"": 9251.0, ""power_w"": 104.14}",0.903,207.55977987077344,0.257,da37b80aeb726f87fb0360c0bf7b02de39a7321ebed20560c407f16067b0c78f,0.14575395376505107,1000,1000
1,,1944850432,141970432,1059328,143029760,cifar100,0.14998029168632432,4.654279006,4.6449535,4.8885946,0.1725781985170472,final_only,0,-0.02207583814110503,m2_raw/cifar100_s68_r1_final_only.npz,ef77fb906b452ea3713a0f3c516aed96ffe154f0b256ce4e5b38d73a31734a7a,1,68,"{""available"": true, ""temperature_c"": 52.0, ""sm_clock_mhz"": 1665.0, ""memory_clock_mhz"": 9251.0, ""power_w"": 104.17}","{""available"": true, ""temperature_c"": 52.0, ""sm_clock_mhz"": 1665.0, ""memory_clock_mhz"": 9251.0, ""power_w"": 103.65}",0.903,214.8560493925834,0.257,da37b80aeb726f87fb0360c0bf7b02de39a7321ebed20560c407f16067b0c78f,0.14575395376505107,1000,1000
1,,1944850432,141970432,1063424,143033856,cifar100,0.14998029168632432,4.757026116,5.4175325,5.66356105,1.230277024419281,actual_dynamic,1,-0.02207583814110503,m2_raw/cifar100_s68_r1_actual_dynamic.npz,896fa847a5b9eba1a28d438f8adff98ca80d4c8b19ef7f11148d1177a075be12,1,68,"{""available"": true, ""temperature_c"": 52.0, ""sm_clock_mhz"": 1665.0, ""memory_clock_mhz"": 9251.0, ""power_w"": 103.83}","{""available"": true, ""temperature_c"": 52.0, ""sm_clock_mhz"": 1665.0, ""memory_clock_mhz"": 9251.0, ""power_w"": 104.17}",0.903,210.21536893324048,0.257,da37b80aeb726f87fb0360c0bf7b02de39a7321ebed20560c407f16067b0c78f,0.14575395376505107,1000,1000
1,,1944850432,141970432,1063424,143033856,cifar100,0.14998029168632432,4.758800042999999,5.400131,5.6973657499999995,1.2401253972406558,actual_dynamic,0,-0.02713205029178023,m2_raw/cifar100_s68_r2_actual_dynamic.npz,7c093dd2254400b859c695a818258cc8c4287874a8ba1ebd46ac2b5fbb786e52,2,68,"{""available"": true, ""temperature_c"": 52.0, ""sm_clock_mhz"": 1665.0, ""memory_clock_mhz"": 9251.0, ""power_w"": 103.72}","{""available"": true, ""temperature_c"": 52.0, ""sm_clock_mhz"": 1665.0, ""memory_clock_mhz"": 9251.0, ""power_w"": 103.83}",0.903,210.1370074313081,0.257,da37b80aeb726f87fb0360c0bf7b02de39a7321ebed20560c407f16067b0c78f,0.14575395376505107,1000,1000
1,,1944850432,141970432,1059328,143029760,cifar100,0.14998029168632432,4.633094685,4.6315165,4.8266937,0.1825654792829893,final_only,1,-0.02713205029178023,m2_raw/cifar100_s68_r2_final_only.npz,7056428b31cbe043afae9b21d38afbe3ccfcf285985140883458e03f6fb44fc1,2,68,"{""available"": true, ""temperature_c"": 52.0, ""sm_clock_mhz"": 1665.0, ""memory_clock_mhz"": 9251.0, ""power_w"": 104.26}","{""available"": true, ""temperature_c"": 52.0, ""sm_clock_mhz"": 1665.0, ""memory_clock_mhz"": 9251.0, ""power_w"": 103.72}",0.903,215.83845528509852,0.257,da37b80aeb726f87fb0360c0bf7b02de39a7321ebed20560c407f16067b0c78f,0.14575395376505107,1000,1000
1,,1944850432,141970432,1059328,143029760,cifar100,0.14998029168632432,4.646646156,4.6451355,4.8287986,0.14945555174869274,final_only,0,-0.03528201685603016,m2_raw/cifar100_s68_r3_final_only.npz,b6b42f6606c5e62c1640aaaadd5f5ee205cebd3134d9b71e574e36b45b8541fb,3,68,"{""available"": true, ""temperature_c"": 52.0, ""sm_clock_mhz"": 1665.0, ""memory_clock_mhz"": 9251.0, ""power_w"": 104.29}","{""available"": true, ""temperature_c"": 52.0, ""sm_clock_mhz"": 1665.0, ""memory_clock_mhz"": 9251.0, ""power_w"": 104.26}",0.903,215.20898437871068,0.257,da37b80aeb726f87fb0360c0bf7b02de39a7321ebed20560c407f16067b0c78f,0.14575395376505107,1000,1000
1,,1944850432,141970432,1063424,143033856,cifar100,0.14998029168632432,4.810589204,5.3912815,5.808577549999999,1.3023885459976927,actual_dynamic,1,-0.03528201685603016,m2_raw/cifar100_s68_r3_actual_dynamic.npz,bb3686db5bb8dd9aa1fd6578f5844eae6d2564e4fe774ec8925c744b9841c858,3,68,"{""available"": true, ""temperature_c"": 52.0, ""sm_clock_mhz"": 1665.0, ""memory_clock_mhz"": 9251.0, ""power_w"": 103.56}","{""available"": true, ""temperature_c"": 52.0, ""sm_clock_mhz"": 1665.0, ""memory_clock_mhz"": 9251.0, ""power_w"": 104.29}",0.903,207.87474415161057,0.257,da37b80aeb726f87fb0360c0bf7b02de39a7321ebed20560c407f16067b0c78f,0.14575395376505107,1000,1000
1,,1944850432,141970432,1059328,143029760,cifar100,0.14998029168632432,4.722038723,4.6145005,5.659233749999999,0.47489467457327456,final_only,0,-0.03026292992981028,m2_raw/cifar100_s68_r4_final_only.npz,8c09d4c191f28de28b72857733e400270f838986d4331705fda306a68877b76e,4,68,"{""available"": true, ""temperature_c"": 52.0, ""sm_clock_mhz"": 1665.0, ""memory_clock_mhz"": 9251.0, ""power_w"": 104.1}","{""available"": true, ""temperature_c"": 52.0, ""sm_clock_mhz"": 1665.0, ""memory_clock_mhz"": 9251.0, ""power_w"": 103.56}",0.903,211.77293509458585,0.257,da37b80aeb726f87fb0360c0bf7b02de39a7321ebed20560c407f16067b0c78f,0.14575395376505107,1000,1000
1,,1944850432,141970432,1063424,143033856,cifar100,0.14998029168632432,4.86494145,5.379325,6.62543835,1.3612690348884853,actual_dynamic,1,-0.03026292992981028,m2_raw/cifar100_s68_r4_actual_dynamic.npz,56f74ff33926d9d679fc92165b6603fb1100059051e71745bea122067950854b,4,68,"{""available"": true, ""temperature_c"": 52.0, ""sm_clock_mhz"": 1665.0, ""memory_clock_mhz"": 9251.0, ""power_w"": 103.61}","{""available"": true, ""temperature_c"": 52.0, ""sm_clock_mhz"": 1665.0, ""memory_clock_mhz"": 9251.0, ""power_w"": 104.1}",0.903,205.5523196481635,0.257,da37b80aeb726f87fb0360c0bf7b02de39a7321ebed20560c407f16067b0c78f,0.14575395376505107,1000,1000
