accuracy,accuracy_drop,balanced_accuracy,balanced_accuracy_drop,candidates,case,cost_saving_fraction,delayed_exit_count,early_fraction,evaluated_ids_sha256,exit_disagreement_count,expected_cost_fraction,fit_ids_sha256,macro_f1,model_recipe,premature_count,reference_accuracy,reference_balanced_accuracy,rescue_count,risk_feasible,samples,saving_floor_pass,seed,selection_risk_feasible,selection_status,source_constraints_include_category,split,strategy,target_recalibrations,threshold,threshold_parameters,worst_class_accuracy_drop
0.8752,0.0,0.8752000000000001,0.0,1002,cifar10,0.3640829324361038,575,0.6468,6fad1d9c0f8bd21db5740693f50628cd3f8a5f353edc234efdebee5542f41eeb,106,0.6359170675638962,6fad1d9c0f8bd21db5740693f50628cd3f8a5f353edc234efdebee5542f41eeb,0.8758547694582871,A4_historical_full,0,0.8752,0.8752000000000001,0,True,2500,True,54,True,selected,True,source_F,S,0,0.9832884467022444,1,0.0
0.8724,0.0,0.8724000000000001,0.0,1002,cifar10,0.37309189776598184,549,0.6628,6fad1d9c0f8bd21db5740693f50628cd3f8a5f353edc234efdebee5542f41eeb,100,0.6269081022340182,6fad1d9c0f8bd21db5740693f50628cd3f8a5f353edc234efdebee5542f41eeb,0.8724156103372336,A4_historical_full,0,0.8724,0.8724000000000001,0,True,2500,True,55,True,selected,True,source_F,S,0,0.9832884467022444,1,0.0
0.876,0.0,0.8760000000000001,0.0,1002,cifar10,0.36881263923428975,571,0.6552,6fad1d9c0f8bd21db5740693f50628cd3f8a5f353edc234efdebee5542f41eeb,133,0.6311873607657102,6fad1d9c0f8bd21db5740693f50628cd3f8a5f353edc234efdebee5542f41eeb,0.8761966428922205,A4_historical_full,0,0.876,0.8760000000000001,0,True,2500,True,56,True,selected,True,source_F,S,0,0.9832884467022444,1,0.0
0.8696,0.0,0.8695999999999999,0.0,1002,cifar10,0.3719657770997472,549,0.6608,7b67ac030a59625bc5a05b251fff845279beb0b8dea7433bd16eeec97eb32f9e,106,0.6280342229002528,6fad1d9c0f8bd21db5740693f50628cd3f8a5f353edc234efdebee5542f41eeb,0.8699402641774225,A4_historical_full,0,0.8696,0.8695999999999999,0,True,2500,True,57,True,selected,True,target_E,S,0,0.9832884467022444,1,0.0
0.8676,0.0,0.8676,0.0,1002,cifar10,0.3694883116340307,589,0.6564,7b67ac030a59625bc5a05b251fff845279beb0b8dea7433bd16eeec97eb32f9e,119,0.6305116883659694,6fad1d9c0f8bd21db5740693f50628cd3f8a5f353edc234efdebee5542f41eeb,0.8677968264914526,A4_historical_full,0,0.8676,0.8676,0,True,2500,True,58,True,selected,True,target_E,S,0,0.9832884467022444,1,0.0
0.8632,0.0,0.8632000000000002,0.0,1002,cifar10,0.3465154500428414,648,0.6156,7b67ac030a59625bc5a05b251fff845279beb0b8dea7433bd16eeec97eb32f9e,118,0.6534845499571587,6fad1d9c0f8bd21db5740693f50628cd3f8a5f353edc234efdebee5542f41eeb,0.8635571223824219,A4_historical_full,0,0.8632,0.8632000000000002,0,True,2500,True,59,True,selected,True,target_E,S,0,0.9832884467022444,1,0.0
0.8752,0.0,0.8752000000000001,0.0,1002,cifar10,0.46993827506217223,213,0.8348,6fad1d9c0f8bd21db5740693f50628cd3f8a5f353edc234efdebee5542f41eeb,106,0.5300617249378278,6fad1d9c0f8bd21db5740693f50628cd3f8a5f353edc234efdebee5542f41eeb,0.8758103249411112,A4_historical_full,1,0.8752,0.8752000000000001,1,True,2500,True,54,True,selected,True,source_F,I,0,0.8288590837041686,3,0.0
0.8724,0.0,0.8724000000000001,0.0,1002,cifar10,0.37309189776598184,549,0.6628,6fad1d9c0f8bd21db5740693f50628cd3f8a5f353edc234efdebee5542f41eeb,100,0.6269081022340182,6fad1d9c0f8bd21db5740693f50628cd3f8a5f353edc234efdebee5542f41eeb,0.8724156103372336,A4_historical_full,0,0.8724,0.8724000000000001,0,True,2500,True,55,True,selected,True,source_F,I,0,0.9832434135080674,3,0.0
0.8772,-0.0011999999999999789,0.8772000000000002,-0.001200000000000001,1002,cifar10,0.4616049821320348,230,0.82,6fad1d9c0f8bd21db5740693f50628cd3f8a5f353edc234efdebee5542f41eeb,133,0.5383950178679652,6fad1d9c0f8bd21db5740693f50628cd3f8a5f353edc234efdebee5542f41eeb,0.8773706605682692,A4_historical_full,1,0.876,0.8760000000000001,4,True,2500,True,56,True,selected,True,source_F,I,0,0.8540860639810137,3,0.0
0.8708,-0.0011999999999999789,0.8708,-0.00119999999999999,1002,cifar10,0.5498928423648408,20,0.9768,7b67ac030a59625bc5a05b251fff845279beb0b8dea7433bd16eeec97eb32f9e,106,0.4501071576351592,6fad1d9c0f8bd21db5740693f50628cd3f8a5f353edc234efdebee5542f41eeb,0.8707953881850278,A4_historical_full,31,0.8696,0.8695999999999999,34,False,2500,True,57,False,selected,True,target_E,I,3,0.4754492935988174,3,0.02400000000000002
0.8676,0.0,0.8676,0.0,1002,cifar10,0.4334519654761656,347,0.77,7b67ac030a59625bc5a05b251fff845279beb0b8dea7433bd16eeec97eb32f9e,119,0.5665480345238344,6fad1d9c0f8bd21db5740693f50628cd3f8a5f353edc234efdebee5542f41eeb,0.8677968264914526,A4_historical_full,0,0.8676,0.8676,0,True,2500,True,58,True,selected,True,target_E,I,3,0.9237678369646429,3,0.0
0.8628,0.00039999999999995595,0.8628,0.00040000000000000034,1002,cifar10,0.4116052245512111,390,0.7312,7b67ac030a59625bc5a05b251fff845279beb0b8dea7433bd16eeec97eb32f9e,118,0.5883947754487888,6fad1d9c0f8bd21db5740693f50628cd3f8a5f353edc234efdebee5542f41eeb,0.8631529691037656,A4_historical_full,1,0.8632,0.8632000000000002,0,False,2500,True,59,False,selected,True,target_E,I,3,0.930177560791802,3,0.0040000000000000036
0.8752,0.0,0.8752000000000001,0.0,1002,cifar10,0.3640829324361038,575,0.6468,6fad1d9c0f8bd21db5740693f50628cd3f8a5f353edc234efdebee5542f41eeb,106,0.6359170675638962,6fad1d9c0f8bd21db5740693f50628cd3f8a5f353edc234efdebee5542f41eeb,0.8758547694582871,A4_historical_full,0,0.8752,0.8752000000000001,0,True,2500,True,54,True,selected,True,source_F,A,0,0.9832884467022444,1,0.0
0.8724,0.0,0.8724000000000001,0.0,1002,cifar10,0.37309189776598184,549,0.6628,6fad1d9c0f8bd21db5740693f50628cd3f8a5f353edc234efdebee5542f41eeb,100,0.6269081022340182,6fad1d9c0f8bd21db5740693f50628cd3f8a5f353edc234efdebee5542f41eeb,0.8724156103372336,A4_historical_full,0,0.8724,0.8724000000000001,0,True,2500,True,55,True,selected,True,source_F,A,0,0.9832884467022444,1,0.0
0.876,0.0,0.8760000000000001,0.0,1002,cifar10,0.36881263923428975,571,0.6552,6fad1d9c0f8bd21db5740693f50628cd3f8a5f353edc234efdebee5542f41eeb,133,0.6311873607657102,6fad1d9c0f8bd21db5740693f50628cd3f8a5f353edc234efdebee5542f41eeb,0.8761966428922205,A4_historical_full,0,0.876,0.8760000000000001,0,True,2500,True,56,True,selected,True,source_F,A,0,0.9832884467022444,1,0.0
0.8696,0.0,0.8695999999999999,0.0,1002,cifar10,0.3719657770997472,549,0.6608,7b67ac030a59625bc5a05b251fff845279beb0b8dea7433bd16eeec97eb32f9e,106,0.6280342229002528,6fad1d9c0f8bd21db5740693f50628cd3f8a5f353edc234efdebee5542f41eeb,0.8699402641774225,A4_historical_full,0,0.8696,0.8695999999999999,0,True,2500,True,57,True,selected,True,target_E,A,0,0.9832884467022444,1,0.0
0.8676,0.0,0.8676,0.0,1002,cifar10,0.3694883116340307,589,0.6564,7b67ac030a59625bc5a05b251fff845279beb0b8dea7433bd16eeec97eb32f9e,119,0.6305116883659694,6fad1d9c0f8bd21db5740693f50628cd3f8a5f353edc234efdebee5542f41eeb,0.8677968264914526,A4_historical_full,0,0.8676,0.8676,0,True,2500,True,58,True,selected,True,target_E,A,0,0.9832884467022444,1,0.0
0.8632,0.0,0.8632000000000002,0.0,1002,cifar10,0.3465154500428414,648,0.6156,7b67ac030a59625bc5a05b251fff845279beb0b8dea7433bd16eeec97eb32f9e,118,0.6534845499571587,6fad1d9c0f8bd21db5740693f50628cd3f8a5f353edc234efdebee5542f41eeb,0.8635571223824219,A4_historical_full,0,0.8632,0.8632000000000002,0,True,2500,True,59,True,selected,True,target_E,A,0,0.9832884467022444,1,0.0
0.8752,0.0,0.8752000000000001,0.0,1002,cifar10,0.48795620572192855,158,0.8668,6fad1d9c0f8bd21db5740693f50628cd3f8a5f353edc234efdebee5542f41eeb,106,0.5120437942780715,6fad1d9c0f8bd21db5740693f50628cd3f8a5f353edc234efdebee5542f41eeb,0.8758099671246594,A4_historical_full,5,0.8752,0.8752000000000001,5,False,2500,True,54,True,selected,False,source_F,C,0,0.76412065512808,1,0.01200000000000001
0.8724,0.0,0.8724000000000001,0.0,1002,cifar10,0.4845778437232242,168,0.8608,6fad1d9c0f8bd21db5740693f50628cd3f8a5f353edc234efdebee5542f41eeb,100,0.5154221562767758,6fad1d9c0f8bd21db5740693f50628cd3f8a5f353edc234efdebee5542f41eeb,0.8723413561642511,A4_historical_full,5,0.8724,0.8724000000000001,5,False,2500,True,55,True,selected,False,source_F,C,0,0.76412065512808,1,0.0040000000000000036
0.876,0.0,0.8760000000000001,0.0,1002,cifar10,0.4848030678564711,164,0.8612,6fad1d9c0f8bd21db5740693f50628cd3f8a5f353edc234efdebee5542f41eeb,133,0.5151969321435289,6fad1d9c0f8bd21db5740693f50628cd3f8a5f353edc234efdebee5542f41eeb,0.8761272153105801,A4_historical_full,8,0.876,0.8760000000000001,8,False,2500,True,56,True,selected,False,source_F,C,0,0.76412065512808,1,0.008000000000000007
0.87,-0.00039999999999995595,0.8700000000000001,-0.00039999999999998923,1002,cifar10,0.48885710225491624,154,0.8684,7b67ac030a59625bc5a05b251fff845279beb0b8dea7433bd16eeec97eb32f9e,106,0.5111428977450838,6fad1d9c0f8bd21db5740693f50628cd3f8a5f353edc234efdebee5542f41eeb,0.8703673855238285,A4_historical_full,4,0.8696,0.8695999999999999,5,False,2500,True,57,True,selected,False,target_E,C,0,0.76412065512808,1,0.0040000000000000036
0.8696,-0.0020000000000000018,0.8696000000000002,-0.0020000000000000018,1002,cifar10,0.49201024012037364,162,0.874,7b67ac030a59625bc5a05b251fff845279beb0b8dea7433bd16eeec97eb32f9e,119,0.5079897598796264,6fad1d9c0f8bd21db5740693f50628cd3f8a5f353edc234efdebee5542f41eeb,0.8697927849621493,A4_historical_full,6,0.8676,0.8676,11,False,2500,True,58,True,selected,False,target_E,C,0,0.76412065512808,1,0.008000000000000007
0.8616,0.0015999999999999348,0.8616000000000001,0.0016000000000000014,1002,cifar10,0.48007336105828513,178,0.8528,7b67ac030a59625bc5a05b251fff845279beb0b8dea7433bd16eeec97eb32f9e,118,0.5199266389417149,6fad1d9c0f8bd21db5740693f50628cd3f8a5f353edc234efdebee5542f41eeb,0.8618281712036273,A4_historical_full,11,0.8632,0.8632000000000002,7,False,2500,True,59,False,selected,False,target_E,C,0,0.76412065512808,1,0.008000000000000007
0.5668,-0.0008000000000000229,0.5668,-0.0008000000000000001,1002,cifar100_strict,0.09697972964657131,1007,0.1716,a9b7b1ff9827fb200452a8606721827a90c74bdf7e3faa797339fdac88b88d91,816,0.9030202703534287,a9b7b1ff9827fb200452a8606721827a90c74bdf7e3faa797339fdac88b88d91,0.5643860150476776,A4_historical_full,0,0.566,0.566,2,True,2500,False,60,True,selected,True,source_F,S,0,0.9959847200781687,1,0.0
0.5588,-0.00039999999999995595,0.5588000000000001,-0.00040000000000000034,1002,cifar100_strict,0.09218226497918003,1008,0.1632,a9b7b1ff9827fb200452a8606721827a90c74bdf7e3faa797339fdac88b88d91,811,0.90781773502082,a9b7b1ff9827fb200452a8606721827a90c74bdf7e3faa797339fdac88b88d91,0.5554838527897548,A4_historical_full,0,0.5584,0.5584,1,True,2500,False,61,True,selected,True,source_F,S,0,0.9959847200781687,1,0.0
0.5596,-0.00039999999999995595,0.5596000000000001,-0.00039999999999999926,1002,cifar100_strict,0.09903578593259632,991,0.1752,a9b7b1ff9827fb200452a8606721827a90c74bdf7e3faa797339fdac88b88d91,790,0.9009642140674037,a9b7b1ff9827fb200452a8606721827a90c74bdf7e3faa797339fdac88b88d91,0.5590709570800653,A4_historical_full,0,0.5592,0.5592000000000001,1,True,2500,False,62,True,selected,True,source_F,S,0,0.9959847200781687,1,0.0
0.5628,0.0,0.5628,1.1102230246251566e-18,1002,cifar100_strict,0.09789353244036036,988,0.1732,7b35666f543e02afa9c162fedc7d278538cb39993444616e715dc03048e9ac82,812,0.9021064675596396,a9b7b1ff9827fb200452a8606721827a90c74bdf7e3faa797339fdac88b88d91,0.5612056962348843,A4_historical_full,1,0.5628,0.5628,1,False,2500,False,63,False,selected,True,target_E,S,0,0.9959847200781687,1,0.040000000000000036
0.5628,0.0,0.5628,0.0,1002,cifar100_strict,0.09789353244036036,1046,0.1732,7b35666f543e02afa9c162fedc7d278538cb39993444616e715dc03048e9ac82,779,0.9021064675596396,a9b7b1ff9827fb200452a8606721827a90c74bdf7e3faa797339fdac88b88d91,0.5605931616824086,A4_historical_full,0,0.5628,0.5628,0,True,2500,False,64,True,selected,True,target_E,S,0,0.9959847200781687,1,0.0
0.5752,0.0,0.5752,0.0,1002,cifar100_strict,0.09515212405899376,1056,0.1684,7b35666f543e02afa9c162fedc7d278538cb39993444616e715dc03048e9ac82,787,0.9048478759410062,a9b7b1ff9827fb200452a8606721827a90c74bdf7e3faa797339fdac88b88d91,0.5725674810076973,A4_historical_full,0,0.5752,0.5752,0,True,2500,False,65,True,selected,True,target_E,S,0,0.9959847200781687,1,0.0
0.568,-0.0020000000000000018,0.568,-0.0020000000000000013,1002,cifar100_strict,0.13033353161986427,875,0.23,a9b7b1ff9827fb200452a8606721827a90c74bdf7e3faa797339fdac88b88d91,816,0.8696664683801357,a9b7b1ff9827fb200452a8606721827a90c74bdf7e3faa797339fdac88b88d91,0.5655431329108218,A4_historical_full,0,0.566,0.566,5,True,2500,False,60,True,selected,True,source_F,I,0,0.9864114070841032,3,0.0
0.5604,-0.0020000000000000018,0.5604,-0.0019999999999999996,1002,cifar100_strict,0.12119550368197585,894,0.214,a9b7b1ff9827fb200452a8606721827a90c74bdf7e3faa797339fdac88b88d91,811,0.8788044963180242,a9b7b1ff9827fb200452a8606721827a90c74bdf7e3faa797339fdac88b88d91,0.5568691117977036,A4_historical_full,0,0.5584,0.5584,5,True,2500,False,61,True,selected,True,source_F,I,0,0.9885952487998491,3,0.0
0.5596,-0.00039999999999995595,0.5596000000000001,-0.00039999999999999926,1002,cifar100_strict,0.09903578593259632,991,0.1752,a9b7b1ff9827fb200452a8606721827a90c74bdf7e3faa797339fdac88b88d91,790,0.9009642140674037,a9b7b1ff9827fb200452a8606721827a90c74bdf7e3faa797339fdac88b88d91,0.5590709570800653,A4_historical_full,0,0.5592,0.5592000000000001,1,True,2500,False,62,True,selected,True,source_F,I,0,0.9959882184282695,3,0.0
0.5656,-0.0028000000000000247,0.5656,-0.0027999999999999987,1002,cifar100_strict,0.15432085495682146,774,0.272,7b35666f543e02afa9c162fedc7d278538cb39993444616e715dc03048e9ac82,812,0.8456791450431785,a9b7b1ff9827fb200452a8606721827a90c74bdf7e3faa797339fdac88b88d91,0.5637269303568735,A4_historical_full,2,0.5628,0.5628,9,False,2500,True,63,False,selected,True,target_E,I,3,0.9738826191807668,3,0.040000000000000036
0.566,-0.0031999999999999806,0.566,-0.003200000000000003,1002,cifar100_strict,0.17510986851551769,743,0.3084,7b35666f543e02afa9c162fedc7d278538cb39993444616e715dc03048e9ac82,779,0.8248901314844823,a9b7b1ff9827fb200452a8606721827a90c74bdf7e3faa797339fdac88b88d91,0.5638383829826764,A4_historical_full,3,0.5628,0.5628,11,False,2500,True,64,False,selected,True,target_E,I,3,0.9655623112312851,3,0.040000000000000036
0.5752,0.0,0.5752,0.0,1002,cifar100_strict,0.11708339110992605,977,0.2068,7b35666f543e02afa9c162fedc7d278538cb39993444616e715dc03048e9ac82,787,0.882916608890074,a9b7b1ff9827fb200452a8606721827a90c74bdf7e3faa797339fdac88b88d91,0.5725674810076973,A4_historical_full,0,0.5752,0.5752,0,True,2500,False,65,True,selected,True,target_E,I,3,0.9917342938857675,3,0.0
0.5668,-0.0008000000000000229,0.5668,-0.0008000000000000001,1002,cifar100_strict,0.09697972964657131,1007,0.1716,a9b7b1ff9827fb200452a8606721827a90c74bdf7e3faa797339fdac88b88d91,816,0.9030202703534287,a9b7b1ff9827fb200452a8606721827a90c74bdf7e3faa797339fdac88b88d91,0.5643860150476776,A4_historical_full,0,0.566,0.566,2,True,2500,False,60,True,selected,True,source_F,A,0,0.9959847200781687,1,0.0
0.5588,-0.00039999999999995595,0.5588000000000001,-0.00040000000000000034,1002,cifar100_strict,0.09218226497918003,1008,0.1632,a9b7b1ff9827fb200452a8606721827a90c74bdf7e3faa797339fdac88b88d91,811,0.90781773502082,a9b7b1ff9827fb200452a8606721827a90c74bdf7e3faa797339fdac88b88d91,0.5554838527897548,A4_historical_full,0,0.5584,0.5584,1,True,2500,False,61,True,selected,True,source_F,A,0,0.9959847200781687,1,0.0
0.5596,-0.00039999999999995595,0.5596000000000001,-0.00039999999999999926,1002,cifar100_strict,0.09903578593259632,991,0.1752,a9b7b1ff9827fb200452a8606721827a90c74bdf7e3faa797339fdac88b88d91,790,0.9009642140674037,a9b7b1ff9827fb200452a8606721827a90c74bdf7e3faa797339fdac88b88d91,0.5590709570800653,A4_historical_full,0,0.5592,0.5592000000000001,1,True,2500,False,62,True,selected,True,source_F,A,0,0.9959847200781687,1,0.0
0.5628,0.0,0.5628,1.1102230246251566e-18,1002,cifar100_strict,0.09789353244036036,988,0.1732,7b35666f543e02afa9c162fedc7d278538cb39993444616e715dc03048e9ac82,812,0.9021064675596396,a9b7b1ff9827fb200452a8606721827a90c74bdf7e3faa797339fdac88b88d91,0.5612056962348843,A4_historical_full,1,0.5628,0.5628,1,False,2500,False,63,False,selected,True,target_E,A,0,0.9959847200781687,1,0.040000000000000036
0.5628,0.0,0.5628,0.0,1002,cifar100_strict,0.09789353244036036,1046,0.1732,7b35666f543e02afa9c162fedc7d278538cb39993444616e715dc03048e9ac82,779,0.9021064675596396,a9b7b1ff9827fb200452a8606721827a90c74bdf7e3faa797339fdac88b88d91,0.5605931616824086,A4_historical_full,0,0.5628,0.5628,0,True,2500,False,64,True,selected,True,target_E,A,0,0.9959847200781687,1,0.0
0.5752,0.0,0.5752,0.0,1002,cifar100_strict,0.09515212405899376,1056,0.1684,7b35666f543e02afa9c162fedc7d278538cb39993444616e715dc03048e9ac82,787,0.9048478759410062,a9b7b1ff9827fb200452a8606721827a90c74bdf7e3faa797339fdac88b88d91,0.5725674810076973,A4_historical_full,0,0.5752,0.5752,0,True,2500,False,65,True,selected,True,target_E,A,0,0.9959847200781687,1,0.0
0.5712,-0.0052000000000000934,0.5711999999999999,-0.0052000000000000015,1002,cifar100_strict,0.570101126130746,0,1.0,a9b7b1ff9827fb200452a8606721827a90c74bdf7e3faa797339fdac88b88d91,816,0.42989887386925396,a9b7b1ff9827fb200452a8606721827a90c74bdf7e3faa797339fdac88b88d91,0.566997887989446,A4_historical_full,197,0.566,0.566,210,False,2500,True,60,True,selected,False,source_F,C,0,0.12209463505559268,1,0.16000000000000003
0.5616,-0.0031999999999999806,0.5616,-0.003200000000000001,1002,cifar100_strict,0.570101126130746,0,1.0,a9b7b1ff9827fb200452a8606721827a90c74bdf7e3faa797339fdac88b88d91,811,0.42989887386925396,a9b7b1ff9827fb200452a8606721827a90c74bdf7e3faa797339fdac88b88d91,0.5601386472868541,A4_historical_full,193,0.5584,0.5584,201,False,2500,True,61,True,selected,False,source_F,C,0,0.12209463505559268,1,0.24
0.5668,-0.00759999999999994,0.5667999999999999,-0.007599999999999995,1002,cifar100_strict,0.570101126130746,0,1.0,a9b7b1ff9827fb200452a8606721827a90c74bdf7e3faa797339fdac88b88d91,790,0.42989887386925396,a9b7b1ff9827fb200452a8606721827a90c74bdf7e3faa797339fdac88b88d91,0.5643360554642944,A4_historical_full,197,0.5592,0.5592000000000001,216,False,2500,True,62,True,selected,False,source_F,C,0,0.12209463505559268,1,0.16000000000000003
0.56,0.0027999999999999137,0.56,0.002800000000000007,1002,cifar100_strict,0.5698726754322989,0,0.9996,7b35666f543e02afa9c162fedc7d278538cb39993444616e715dc03048e9ac82,812,0.4301273245677011,a9b7b1ff9827fb200452a8606721827a90c74bdf7e3faa797339fdac88b88d91,0.5589472876411573,A4_historical_full,195,0.5628,0.5628,188,False,2500,True,63,False,selected,False,target_E,C,0,0.12209463505559268,1,0.16000000000000003
0.5832,-0.020400000000000085,0.5832,-0.0204,1002,cifar100_strict,0.570101126130746,0,1.0,7b35666f543e02afa9c162fedc7d278538cb39993444616e715dc03048e9ac82,779,0.42989887386925396,a9b7b1ff9827fb200452a8606721827a90c74bdf7e3faa797339fdac88b88d91,0.579965238043938,A4_historical_full,160,0.5628,0.5628,211,False,2500,True,64,True,selected,False,target_E,C,0,0.12209463505559268,1,0.16000000000000003
0.5836,-0.008399999999999963,0.5836,-0.008399999999999994,1002,cifar100_strict,0.570101126130746,0,1.0,7b35666f543e02afa9c162fedc7d278538cb39993444616e715dc03048e9ac82,787,0.42989887386925396,a9b7b1ff9827fb200452a8606721827a90c74bdf7e3faa797339fdac88b88d91,0.5808474700638502,A4_historical_full,191,0.5752,0.5752,212,False,2500,True,65,True,selected,False,target_E,C,0,0.12209463505559268,1,0.16000000000000003
0.5772,-0.011200000000000099,0.5771999999999998,-0.011200000000000002,1002,cifar100_relaxed,0.2363346556993703,539,0.4156,a9b7b1ff9827fb200452a8606721827a90c74bdf7e3faa797339fdac88b88d91,816,0.7636653443006297,a9b7b1ff9827fb200452a8606721827a90c74bdf7e3faa797339fdac88b88d91,0.5741630395276858,A4_historical_full,10,0.566,0.566,38,True,2500,True,60,True,selected,True,source_F,S,0,0.8930026577136758,1,0.040000000000000036
0.5672,-0.00880000000000003,0.5671999999999999,-0.0088,1002,cifar100_relaxed,0.2335932473180038,526,0.4108,a9b7b1ff9827fb200452a8606721827a90c74bdf7e3faa797339fdac88b88d91,811,0.7664067526819962,a9b7b1ff9827fb200452a8606721827a90c74bdf7e3faa797339fdac88b88d91,0.5638857257496135,A4_historical_full,12,0.5584,0.5584,34,True,2500,True,61,True,selected,True,source_F,S,0,0.8930026577136758,1,0.040000000000000036
0.5696,-0.010399999999999965,0.5696000000000001,-0.010399999999999996,1002,cifar100_relaxed,0.23473550081023997,538,0.4128,a9b7b1ff9827fb200452a8606721827a90c74bdf7e3faa797339fdac88b88d91,790,0.76526449918976,a9b7b1ff9827fb200452a8606721827a90c74bdf7e3faa797339fdac88b88d91,0.5680491835514393,A4_historical_full,13,0.5592,0.5592000000000001,39,True,2500,True,62,True,selected,True,source_F,S,0,0.8930026577136758,1,0.040000000000000036
0.5712,-0.010400000000000076,0.5711999999999999,-0.0104,1002,cifar100_relaxed,0.24067521896986743,528,0.4232,ad87eb89add054b33665ec1b6dbb9c510c91673ea2fed0370235a5eca902e253,770,0.7593247810301326,a9b7b1ff9827fb200452a8606721827a90c74bdf7e3faa797339fdac88b88d91,0.5673231225000502,A4_historical_full,15,0.5608,0.5608,41,False,2500,True,66,False,selected,True,target_E,S,0,0.8930026577136758,1,0.07999999999999996
0.5688,-0.009199999999999986,0.5688000000000001,-0.009199999999999995,1002,cifar100_relaxed,0.237020007794712,546,0.4168,ad87eb89add054b33665ec1b6dbb9c510c91673ea2fed0370235a5eca902e253,828,0.762979992205288,a9b7b1ff9827fb200452a8606721827a90c74bdf7e3faa797339fdac88b88d91,0.5662926049692242,A4_historical_full,11,0.5596,0.5596000000000001,34,True,2500,True,67,True,selected,True,target_E,S,0,0.8930026577136758,1,0.040000000000000036
0.5772,-0.006000000000000005,0.5771999999999999,-0.006000000000000001,1002,cifar100_relaxed,0.24547268363725872,516,0.4316,ad87eb89add054b33665ec1b6dbb9c510c91673ea2fed0370235a5eca902e253,780,0.7545273163627413,a9b7b1ff9827fb200452a8606721827a90c74bdf7e3faa797339fdac88b88d91,0.5745989176587897,A4_historical_full,20,0.5712,0.5711999999999999,35,True,2500,True,68,True,selected,True,target_E,S,0,0.8930026577136758,1,0.040000000000000036
0.5772,-0.011200000000000099,0.5771999999999998,-0.011200000000000002,1002,cifar100_relaxed,0.23656310639781752,538,0.416,a9b7b1ff9827fb200452a8606721827a90c74bdf7e3faa797339fdac88b88d91,816,0.7634368936021825,a9b7b1ff9827fb200452a8606721827a90c74bdf7e3faa797339fdac88b88d91,0.5741630395276858,A4_historical_full,10,0.566,0.566,38,True,2500,True,60,True,selected,True,source_F,I,0,0.8927485770764255,3,0.040000000000000036
0.5692,-0.010800000000000032,0.5692,-0.0108,1002,cifar100_relaxed,0.2571236692580664,466,0.452,a9b7b1ff9827fb200452a8606721827a90c74bdf7e3faa797339fdac88b88d91,811,0.7428763307419336,a9b7b1ff9827fb200452a8606721827a90c74bdf7e3faa797339fdac88b88d91,0.5660077654626816,A4_historical_full,16,0.5584,0.5584,43,True,2500,True,61,True,selected,True,source_F,I,0,0.8540471147428504,3,0.040000000000000036
0.5728,-0.013599999999999945,0.5728000000000001,-0.013599999999999994,1002,cifar100_relaxed,0.2589512748456443,475,0.4552,a9b7b1ff9827fb200452a8606721827a90c74bdf7e3faa797339fdac88b88d91,790,0.7410487251543557,a9b7b1ff9827fb200452a8606721827a90c74bdf7e3faa797339fdac88b88d91,0.5713834427506607,A4_historical_full,16,0.5592,0.5592000000000001,50,True,2500,True,62,True,selected,True,source_F,I,0,0.8529981538743339,3,0.040000000000000036
0.57,-0.009199999999999986,0.57,-0.0092,1002,cifar100_relaxed,0.21897240261738227,580,0.3852,ad87eb89add054b33665ec1b6dbb9c510c91673ea2fed0370235a5eca902e253,770,0.7810275973826177,70df4d0ea5fdc954d2703d550b61bce26458c007f7c7b19ef79832c3742eab32,0.5666421880511955,A4_historical_full,11,0.5608,0.5608,34,True,2500,True,66,True,selected,True,target_E,I,3,0.9228092966609763,3,0.040000000000000036
0.5688,-0.009199999999999986,0.5688000000000001,-0.009199999999999995,1002,cifar100_relaxed,0.23679155709626476,547,0.4164,ad87eb89add054b33665ec1b6dbb9c510c91673ea2fed0370235a5eca902e253,828,0.7632084429037352,70df4d0ea5fdc954d2703d550b61bce26458c007f7c7b19ef79832c3742eab32,0.5662926049692242,A4_historical_full,11,0.5596,0.5596000000000001,34,True,2500,True,67,True,selected,True,target_E,I,3,0.8935450878636738,3,0.040000000000000036
0.5732,-0.0020000000000000018,0.5732,-0.002000000000000002,1002,cifar100_relaxed,0.1979549383602388,654,0.3484,ad87eb89add054b33665ec1b6dbb9c510c91673ea2fed0370235a5eca902e253,780,0.8020450616397612,70df4d0ea5fdc954d2703d550b61bce26458c007f7c7b19ef79832c3742eab32,0.5710734110372282,A4_historical_full,10,0.5712,0.5711999999999999,15,True,2500,True,68,True,selected,True,target_E,I,3,0.9506995769568252,3,0.040000000000000036
0.5772,-0.011200000000000099,0.5771999999999998,-0.011200000000000002,1002,cifar100_relaxed,0.2363346556993703,539,0.4156,a9b7b1ff9827fb200452a8606721827a90c74bdf7e3faa797339fdac88b88d91,816,0.7636653443006297,a9b7b1ff9827fb200452a8606721827a90c74bdf7e3faa797339fdac88b88d91,0.5741630395276858,A4_historical_full,10,0.566,0.566,38,True,2500,True,60,True,selected,True,source_F,A,0,0.8930026577136758,1,0.040000000000000036
0.5672,-0.00880000000000003,0.5671999999999999,-0.0088,1002,cifar100_relaxed,0.2335932473180038,526,0.4108,a9b7b1ff9827fb200452a8606721827a90c74bdf7e3faa797339fdac88b88d91,811,0.7664067526819962,a9b7b1ff9827fb200452a8606721827a90c74bdf7e3faa797339fdac88b88d91,0.5638857257496135,A4_historical_full,12,0.5584,0.5584,34,True,2500,True,61,True,selected,True,source_F,A,0,0.8930026577136758,1,0.040000000000000036
0.5696,-0.010399999999999965,0.5696000000000001,-0.010399999999999996,1002,cifar100_relaxed,0.23473550081023997,538,0.4128,a9b7b1ff9827fb200452a8606721827a90c74bdf7e3faa797339fdac88b88d91,790,0.76526449918976,a9b7b1ff9827fb200452a8606721827a90c74bdf7e3faa797339fdac88b88d91,0.5680491835514393,A4_historical_full,13,0.5592,0.5592000000000001,39,True,2500,True,62,True,selected,True,source_F,A,0,0.8930026577136758,1,0.040000000000000036
0.5712,-0.010400000000000076,0.5711999999999999,-0.0104,1002,cifar100_relaxed,0.24067521896986743,528,0.4232,ad87eb89add054b33665ec1b6dbb9c510c91673ea2fed0370235a5eca902e253,770,0.7593247810301326,a9b7b1ff9827fb200452a8606721827a90c74bdf7e3faa797339fdac88b88d91,0.5673231225000502,A4_historical_full,15,0.5608,0.5608,41,False,2500,True,66,False,selected,True,target_E,A,0,0.8930026577136758,1,0.07999999999999996
0.5688,-0.009199999999999986,0.5688000000000001,-0.009199999999999995,1002,cifar100_relaxed,0.237020007794712,546,0.4168,ad87eb89add054b33665ec1b6dbb9c510c91673ea2fed0370235a5eca902e253,828,0.762979992205288,a9b7b1ff9827fb200452a8606721827a90c74bdf7e3faa797339fdac88b88d91,0.5662926049692242,A4_historical_full,11,0.5596,0.5596000000000001,34,True,2500,True,67,True,selected,True,target_E,A,0,0.8930026577136758,1,0.040000000000000036
0.5772,-0.006000000000000005,0.5771999999999999,-0.006000000000000001,1002,cifar100_relaxed,0.24547268363725872,516,0.4316,ad87eb89add054b33665ec1b6dbb9c510c91673ea2fed0370235a5eca902e253,780,0.7545273163627413,a9b7b1ff9827fb200452a8606721827a90c74bdf7e3faa797339fdac88b88d91,0.5745989176587897,A4_historical_full,20,0.5712,0.5711999999999999,35,True,2500,True,68,True,selected,True,target_E,A,0,0.8930026577136758,1,0.040000000000000036
0.5712,-0.0052000000000000934,0.5711999999999999,-0.0052000000000000015,1002,cifar100_relaxed,0.570101126130746,0,1.0,a9b7b1ff9827fb200452a8606721827a90c74bdf7e3faa797339fdac88b88d91,816,0.42989887386925396,a9b7b1ff9827fb200452a8606721827a90c74bdf7e3faa797339fdac88b88d91,0.566997887989446,A4_historical_full,197,0.566,0.566,210,False,2500,True,60,True,selected,False,source_F,C,0,0.12209463505559268,1,0.16000000000000003
0.5616,-0.0031999999999999806,0.5616,-0.003200000000000001,1002,cifar100_relaxed,0.570101126130746,0,1.0,a9b7b1ff9827fb200452a8606721827a90c74bdf7e3faa797339fdac88b88d91,811,0.42989887386925396,a9b7b1ff9827fb200452a8606721827a90c74bdf7e3faa797339fdac88b88d91,0.5601386472868541,A4_historical_full,193,0.5584,0.5584,201,False,2500,True,61,True,selected,False,source_F,C,0,0.12209463505559268,1,0.24
0.5668,-0.00759999999999994,0.5667999999999999,-0.007599999999999995,1002,cifar100_relaxed,0.570101126130746,0,1.0,a9b7b1ff9827fb200452a8606721827a90c74bdf7e3faa797339fdac88b88d91,790,0.42989887386925396,a9b7b1ff9827fb200452a8606721827a90c74bdf7e3faa797339fdac88b88d91,0.5643360554642944,A4_historical_full,197,0.5592,0.5592000000000001,216,False,2500,True,62,True,selected,False,source_F,C,0,0.12209463505559268,1,0.16000000000000003
0.5696,-0.00880000000000003,0.5695999999999999,-0.008799999999999999,1002,cifar100_relaxed,0.5698726754322989,0,0.9996,ad87eb89add054b33665ec1b6dbb9c510c91673ea2fed0370235a5eca902e253,770,0.4301273245677011,a9b7b1ff9827fb200452a8606721827a90c74bdf7e3faa797339fdac88b88d91,0.5662994375769708,A4_historical_full,178,0.5608,0.5608,200,False,2500,True,66,True,selected,False,target_E,C,0,0.12209463505559268,1,0.24000000000000002
0.5676,-0.008000000000000007,0.5676000000000001,-0.007999999999999991,1002,cifar100_relaxed,0.570101126130746,0,1.0,ad87eb89add054b33665ec1b6dbb9c510c91673ea2fed0370235a5eca902e253,828,0.42989887386925396,a9b7b1ff9827fb200452a8606721827a90c74bdf7e3faa797339fdac88b88d91,0.5650060806247027,A4_historical_full,200,0.5596,0.5596000000000001,220,False,2500,True,67,True,selected,False,target_E,C,0,0.12209463505559268,1,0.2
0.5688,0.0024000000000000687,0.5688,0.002400000000000001,1002,cifar100_relaxed,0.570101126130746,0,1.0,ad87eb89add054b33665ec1b6dbb9c510c91673ea2fed0370235a5eca902e253,780,0.42989887386925396,a9b7b1ff9827fb200452a8606721827a90c74bdf7e3faa797339fdac88b88d91,0.5646996115559747,A4_historical_full,194,0.5712,0.5711999999999999,188,False,2500,True,68,False,selected,False,target_E,C,0,0.12209463505559268,1,0.36
